feature,coefficient,abs_coefficient
area,72394.74141203184,72394.74141203184
age,-30132.154398326362,30132.154398326362
bedrooms,29241.236652560066,29241.236652560066
bathrooms,13402.207874185762,13402.207874185762
condition_encoded,-12335.990216834858,12335.990216834858
location_encoded,-12299.158580103449,12299.158580103449
garage,7278.726659776373,7278.726659776373
